<?xml version="1.0" encoding="UTF-8"?>
<!DOCTYPE hibernate-mapping PUBLIC "-//Hibernate/Hibernate Mapping DTD 3.0//EN" "http://hibernate.sourceforge.net/hibernate-mapping-3.0.dtd">
<hibernate-mapping>
	<class name="edu.aspire.hibernate.Customer" table="CUSTOMER">
		<id name="cno" column="CNO" type="integer" >
			<generator class="assigned"/>
		</id>
		<property name="cname" column="CNAME" type="string" length="20"/>
		<property name="address" column="ADDRESS" type="string" length="100"/>
		<property name="phone" column="PHONE" type="long"/>
	</class>
</hibernate-mapping>

